gait_percent,muscle,hip_moment_arm,knee_moment_arm,ankle_moment_arm
0.0,iliacus,0.015,0.0,0.0
0.0,glut_max,-0.0198,0.0,0.0
0.0,glut_med,0.0235,0.0,0.0
0.0,add_long,0.0,0.0,0.0
0.0,biceps_fem_lh,-0.0366,0.0306,0.0
0.0,biceps_fem_sh,0.0,0.0325,0.0
0.0,semitend,-0.0408,0.0412,0.0
0.0,semimem,-0.038,0.0363,0.0
0.0,tib_ant,0.0,-0.017,0.017
0.0,peron_brev,0.0,-0.0113,0.0113
0.0,gastroc_med,0.0,-0.0389,0.0241
0.0,gastroc_lat,0.0,-0.0386,0.0254
0.0,soleus,0.0,0.0,0.0219
0.0,tib_post,0.0,0.0,0.0081
1.0,iliacus,0.015,0.0,0.0
1.0,glut_max,-0.0198,0.0,0.0
1.0,glut_med,0.0235,0.0,0.0
1.0,add_long,0.0,0.0,0.0
1.0,biceps_fem_lh,-0.0366,0.0306,0.0
1.0,biceps_fem_sh,0.0,0.0325,0.0
1.0,semitend,-0.0408,0.0412,0.0
1.0,semimem,-0.038,0.0363,0.0
1.0,tib_ant,0.0,-0.017,0.017
1.0,peron_brev,0.0,-0.0113,0.0113
1.0,gastroc_med,0.0,-0.0389,0.0241
1.0,gastroc_lat,0.0,-0.0386,0.0254
1.0,soleus,0.0,0.0,0.0219
1.0,tib_post,0.0,0.0,0.0081
2.0,iliacus,0.015,0.0,0.0
2.0,glut_max,-0.0198,0.0,0.0
2.0,glut_med,0.0235,0.0,0.0
2.0,add_long,0.0,0.0,0.0
2.0,biceps_fem_lh,-0.0366,0.0306,0.0
2.0,biceps_fem_sh,0.0,0.0325,0.0
2.0,semitend,-0.0408,0.0412,0.0
2.0,semimem,-0.038,0.0363,0.0
2.0,tib_ant,0.0,-0.017,0.017
2.0,peron_brev,0.0,-0.0113,0.0113
2.0,gastroc_med,0.0,-0.0389,0.0241
2.0,gastroc_lat,0.0,-0.0386,0.0254
2.0,soleus,0.0,0.0,0.0219
2.0,tib_post,0.0,0.0,0.0081
3.0,iliacus,0.015,0.0,0.0
3.0,glut_max,-0.0198,0.0,0.0
3.0,glut_med,0.0235,0.0,0.0
3.0,add_long,0.0,0.0,0.0
3.0,biceps_fem_lh,-0.0366,0.0306,0.0
3.0,biceps_fem_sh,0.0,0.0325,0.0
3.0,semitend,-0.0408,0.0412,0.0
3.0,semimem,-0.038,0.0363,0.0
3.0,tib_ant,0.0,-0.017,0.017
3.0,peron_brev,0.0,-0.0113,0.0113
3.0,gastroc_med,0.0,-0.0389,0.0241
3.0,gastroc_lat,0.0,-0.0386,0.0254
3.0,soleus,0.0,0.0,0.0219
3.0,tib_post,0.0,0.0,0.0081
4.0,iliacus,0.015,0.0,0.0
4.0,glut_max,-0.0198,0.0,0.0
4.0,glut_med,0.0235,0.0,0.0
4.0,add_long,0.0,0.0,0.0
4.0,biceps_fem_lh,-0.0366,0.0306,0.0
4.0,biceps_fem_sh,0.0,0.0325,0.0
4.0,semitend,-0.0408,0.0412,0.0
4.0,semimem,-0.038,0.0363,0.0
4.0,tib_ant,0.0,-0.017,0.017
4.0,peron_brev,0.0,-0.0113,0.0113
4.0,gastroc_med,0.0,-0.0389,0.0241
4.0,gastroc_lat,0.0,-0.0386,0.0254
4.0,soleus,0.0,0.0,0.0219
4.0,tib_post,0.0,0.0,0.0081
5.0,iliacus,0.015,0.0,0.0
5.0,glut_max,-0.0198,0.0,0.0
5.0,glut_med,0.0235,0.0,0.0
5.0,add_long,0.0,0.0,0.0
5.0,biceps_fem_lh,-0.0366,0.0306,0.0
5.0,biceps_fem_sh,0.0,0.0325,0.0
5.0,semitend,-0.0408,0.0412,0.0
5.0,semimem,-0.038,0.0363,0.0
5.0,tib_ant,0.0,-0.017,0.017
5.0,peron_brev,0.0,-0.0113,0.0113
5.0,gastroc_med,0.0,-0.0389,0.0241
5.0,gastroc_lat,0.0,-0.0386,0.0254
5.0,soleus,0.0,0.0,0.0219
5.0,tib_post,0.0,0.0,0.0081
6.0,iliacus,0.015,0.0,0.0
6.0,glut_max,-0.0198,0.0,0.0
6.0,glut_med,0.0235,0.0,0.0
6.0,add_long,0.0,0.0,0.0
6.0,biceps_fem_lh,-0.0366,0.0306,0.0
6.0,biceps_fem_sh,0.0,0.0325,0.0
6.0,semitend,-0.0408,0.0412,0.0
6.0,semimem,-0.038,0.0363,0.0
6.0,tib_ant,0.0,-0.017,0.017
6.0,peron_brev,0.0,-0.0113,0.0113
6.0,gastroc_med,0.0,-0.0389,0.0241
6.0,gastroc_lat,0.0,-0.0386,0.0254
6.0,soleus,0.0,0.0,0.0219
6.0,tib_post,0.0,0.0,0.0081
7.0,iliacus,0.015,0.0,0.0
7.0,glut_max,-0.0198,0.0,0.0
7.0,glut_med,0.0235,0.0,0.0
7.0,add_long,0.0,0.0,0.0
7.0,biceps_fem_lh,-0.0366,0.0306,0.0
7.0,biceps_fem_sh,0.0,0.0325,0.0
7.0,semitend,-0.0408,0.0412,0.0
7.0,semimem,-0.038,0.0363,0.0
7.0,tib_ant,0.0,-0.017,0.017
7.0,peron_brev,0.0,-0.0113,0.0113
7.0,gastroc_med,0.0,-0.0389,0.0241
7.0,gastroc_lat,0.0,-0.0386,0.0254
7.0,soleus,0.0,0.0,0.0219
7.0,tib_post,0.0,0.0,0.0081
8.0,iliacus,0.015,0.0,0.0
8.0,glut_max,-0.0198,0.0,0.0
8.0,glut_med,0.0235,0.0,0.0
8.0,add_long,0.0,0.0,0.0
8.0,biceps_fem_lh,-0.0366,0.0306,0.0
8.0,biceps_fem_sh,0.0,0.0325,0.0
8.0,semitend,-0.0408,0.0412,0.0
8.0,semimem,-0.038,0.0363,0.0
8.0,tib_ant,0.0,-0.017,0.017
8.0,peron_brev,0.0,-0.0113,0.0113
8.0,gastroc_med,0.0,-0.0389,0.0241
8.0,gastroc_lat,0.0,-0.0386,0.0254
8.0,soleus,0.0,0.0,0.0219
8.0,tib_post,0.0,0.0,0.0081
9.0,iliacus,0.015,0.0,0.0
9.0,glut_max,-0.0198,0.0,0.0
9.0,glut_med,0.0235,0.0,0.0
9.0,add_long,0.0,0.0,0.0
9.0,biceps_fem_lh,-0.0366,0.0306,0.0
9.0,biceps_fem_sh,0.0,0.0325,0.0
9.0,semitend,-0.0408,0.0412,0.0
9.0,semimem,-0.038,0.0363,0.0
9.0,tib_ant,0.0,-0.017,0.017
9.0,peron_brev,0.0,-0.0113,0.0113
9.0,gastroc_med,0.0,-0.0389,0.0241
9.0,gastroc_lat,0.0,-0.0386,0.0254
9.0,soleus,0.0,0.0,0.0219
9.0,tib_post,0.0,0.0,0.0081
10.0,iliacus,0.015,0.0,0.0
10.0,glut_max,-0.0198,0.0,0.0
10.0,glut_med,0.0235,0.0,0.0
10.0,add_long,0.0,0.0,0.0
10.0,biceps_fem_lh,-0.0366,0.0306,0.0
10.0,biceps_fem_sh,0.0,0.0325,0.0
10.0,semitend,-0.0408,0.0412,0.0
10.0,semimem,-0.038,0.0363,0.0
10.0,tib_ant,0.0,-0.017,0.017
10.0,peron_brev,0.0,-0.0113,0.0113
10.0,gastroc_med,0.0,-0.0389,0.0241
10.0,gastroc_lat,0.0,-0.0386,0.0254
10.0,soleus,0.0,0.0,0.0219
10.0,tib_post,0.0,0.0,0.0081
11.0,iliacus,0.015,0.0,0.0
11.0,glut_max,-0.0198,0.0,0.0
11.0,glut_med,0.0235,0.0,0.0
11.0,add_long,0.0,0.0,0.0
11.0,biceps_fem_lh,-0.0366,0.0306,0.0
11.0,biceps_fem_sh,0.0,0.0325,0.0
11.0,semitend,-0.0408,0.0412,0.0
11.0,semimem,-0.038,0.0363,0.0
11.0,tib_ant,0.0,-0.017,0.017
11.0,peron_brev,0.0,-0.0113,0.0113
11.0,gastroc_med,0.0,-0.0389,0.0241
11.0,gastroc_lat,0.0,-0.0386,0.0254
11.0,soleus,0.0,0.0,0.0219
11.0,tib_post,0.0,0.0,0.0081
12.0,iliacus,0.015,0.0,0.0
12.0,glut_max,-0.0198,0.0,0.0
12.0,glut_med,0.0235,0.0,0.0
12.0,add_long,0.0,0.0,0.0
12.0,biceps_fem_lh,-0.0366,0.0306,0.0
12.0,biceps_fem_sh,0.0,0.0325,0.0
12.0,semitend,-0.0408,0.0412,0.0
12.0,semimem,-0.038,0.0363,0.0
12.0,tib_ant,0.0,-0.017,0.017
12.0,peron_brev,0.0,-0.0113,0.0113
12.0,gastroc_med,0.0,-0.0389,0.0241
12.0,gastroc_lat,0.0,-0.0386,0.0254
12.0,soleus,0.0,0.0,0.0219
12.0,tib_post,0.0,0.0,0.0081
13.0,iliacus,0.015,0.0,0.0
13.0,glut_max,-0.0198,0.0,0.0
13.0,glut_med,0.0235,0.0,0.0
13.0,add_long,0.0,0.0,0.0
13.0,biceps_fem_lh,-0.0366,0.0306,0.0
13.0,biceps_fem_sh,0.0,0.0325,0.0
13.0,semitend,-0.0408,0.0412,0.0
13.0,semimem,-0.038,0.0363,0.0
13.0,tib_ant,0.0,-0.017,0.017
13.0,peron_brev,0.0,-0.0113,0.0113
13.0,gastroc_med,0.0,-0.0389,0.0241
13.0,gastroc_lat,0.0,-0.0386,0.0254
13.0,soleus,0.0,0.0,0.0219
13.0,tib_post,0.0,0.0,0.0081
14.0,iliacus,0.015,0.0,0.0
14.0,glut_max,-0.0198,0.0,0.0
14.0,glut_med,0.0235,0.0,0.0
14.0,add_long,0.0,0.0,0.0
14.0,biceps_fem_lh,-0.0366,0.0306,0.0
14.0,biceps_fem_sh,0.0,0.0325,0.0
14.0,semitend,-0.0408,0.0412,0.0
14.0,semimem,-0.038,0.0363,0.0
14.0,tib_ant,0.0,-0.017,0.017
14.0,peron_brev,0.0,-0.0113,0.0113
14.0,gastroc_med,0.0,-0.0389,0.0241
14.0,gastroc_lat,0.0,-0.0386,0.0254
14.0,soleus,0.0,0.0,0.0219
14.0,tib_post,0.0,0.0,0.0081
15.0,iliacus,0.015,0.0,0.0
15.0,glut_max,-0.0198,0.0,0.0
15.0,glut_med,0.0235,0.0,0.0
15.0,add_long,0.0,0.0,0.0
15.0,biceps_fem_lh,-0.0366,0.0306,0.0
15.0,biceps_fem_sh,0.0,0.0325,0.0
15.0,semitend,-0.0408,0.0412,0.0
15.0,semimem,-0.038,0.0363,0.0
15.0,tib_ant,0.0,-0.017,0.017
15.0,peron_brev,0.0,-0.0113,0.0113
15.0,gastroc_med,0.0,-0.0389,0.0241
15.0,gastroc_lat,0.0,-0.0386,0.0254
15.0,soleus,0.0,0.0,0.0219
15.0,tib_post,0.0,0.0,0.0081
16.0,iliacus,0.015,0.0,0.0
16.0,glut_max,-0.0198,0.0,0.0
16.0,glut_med,0.0235,0.0,0.0
16.0,add_long,0.0,0.0,0.0
16.0,biceps_fem_lh,-0.0366,0.0306,0.0
16.0,biceps_fem_sh,0.0,0.0325,0.0
16.0,semitend,-0.0408,0.0412,0.0
16.0,semimem,-0.038,0.0363,0.0
16.0,tib_ant,0.0,-0.017,0.017
16.0,peron_brev,0.0,-0.0113,0.0113
16.0,gastroc_med,0.0,-0.0389,0.0241
16.0,gastroc_lat,0.0,-0.0386,0.0254
16.0,soleus,0.0,0.0,0.0219
16.0,tib_post,0.0,0.0,0.0081
17.0,iliacus,0.015,0.0,0.0
17.0,glut_max,-0.0198,0.0,0.0
17.0,glut_med,0.0235,0.0,0.0
17.0,add_long,0.0,0.0,0.0
17.0,biceps_fem_lh,-0.0366,0.0306,0.0
17.0,biceps_fem_sh,0.0,0.0325,0.0
17.0,semitend,-0.0408,0.0412,0.0
17.0,semimem,-0.038,0.0363,0.0
17.0,tib_ant,0.0,-0.017,0.017
17.0,peron_brev,0.0,-0.0113,0.0113
17.0,gastroc_med,0.0,-0.0389,0.0241
17.0,gastroc_lat,0.0,-0.0386,0.0254
17.0,soleus,0.0,0.0,0.0219
17.0,tib_post,0.0,0.0,0.0081
18.0,iliacus,0.015,0.0,0.0
18.0,glut_max,-0.0198,0.0,0.0
18.0,glut_med,0.0235,0.0,0.0
18.0,add_long,0.0,0.0,0.0
18.0,biceps_fem_lh,-0.0366,0.0306,0.0
18.0,biceps_fem_sh,0.0,0.0325,0.0
18.0,semitend,-0.0408,0.0412,0.0
18.0,semimem,-0.038,0.0363,0.0
18.0,tib_ant,0.0,-0.017,0.017
18.0,peron_brev,0.0,-0.0113,0.0113
18.0,gastroc_med,0.0,-0.0389,0.0241
18.0,gastroc_lat,0.0,-0.0386,0.0254
18.0,soleus,0.0,0.0,0.0219
18.0,tib_post,0.0,0.0,0.0081
19.0,iliacus,0.015,0.0,0.0
19.0,glut_max,-0.0198,0.0,0.0
19.0,glut_med,0.0235,0.0,0.0
19.0,add_long,0.0,0.0,0.0
19.0,biceps_fem_lh,-0.0366,0.0306,0.0
19.0,biceps_fem_sh,0.0,0.0325,0.0
19.0,semitend,-0.0408,0.0412,0.0
19.0,semimem,-0.038,0.0363,0.0
19.0,tib_ant,0.0,-0.017,0.017
19.0,peron_brev,0.0,-0.0113,0.0113
19.0,gastroc_med,0.0,-0.0389,0.0241
19.0,gastroc_lat,0.0,-0.0386,0.0254
19.0,soleus,0.0,0.0,0.0219
19.0,tib_post,0.0,0.0,0.0081
20.0,iliacus,0.015,0.0,0.0
20.0,glut_max,-0.0198,0.0,0.0
20.0,glut_med,0.0235,0.0,0.0
20.0,add_long,0.0,0.0,0.0
20.0,biceps_fem_lh,-0.0366,0.0306,0.0
20.0,biceps_fem_sh,0.0,0.0325,0.0
20.0,semitend,-0.0408,0.0412,0.0
20.0,semimem,-0.038,0.0363,0.0
20.0,tib_ant,0.0,-0.017,0.017
20.0,peron_brev,0.0,-0.0113,0.0113
20.0,gastroc_med,0.0,-0.0389,0.0241
20.0,gastroc_lat,0.0,-0.0386,0.0254
20.0,soleus,0.0,0.0,0.0219
20.0,tib_post,0.0,0.0,0.0081
21.0,iliacus,0.015,0.0,0.0
21.0,glut_max,-0.0198,0.0,0.0
21.0,glut_med,0.0235,0.0,0.0
21.0,add_long,0.0,0.0,0.0
21.0,biceps_fem_lh,-0.0366,0.0306,0.0
21.0,biceps_fem_sh,0.0,0.0325,0.0
21.0,semitend,-0.0408,0.0412,0.0
21.0,semimem,-0.038,0.0363,0.0
21.0,tib_ant,0.0,-0.017,0.017
21.0,peron_brev,0.0,-0.0113,0.0113
21.0,gastroc_med,0.0,-0.0389,0.0241
21.0,gastroc_lat,0.0,-0.0386,0.0254
21.0,soleus,0.0,0.0,0.0219
21.0,tib_post,0.0,0.0,0.0081
22.0,iliacus,0.015,0.0,0.0
22.0,glut_max,-0.0198,0.0,0.0
22.0,glut_med,0.0235,0.0,0.0
22.0,add_long,0.0,0.0,0.0
22.0,biceps_fem_lh,-0.0366,0.0306,0.0
22.0,biceps_fem_sh,0.0,0.0325,0.0
22.0,semitend,-0.0408,0.0412,0.0
22.0,semimem,-0.038,0.0363,0.0
22.0,tib_ant,0.0,-0.017,0.017
22.0,peron_brev,0.0,-0.0113,0.0113
22.0,gastroc_med,0.0,-0.0389,0.0241
22.0,gastroc_lat,0.0,-0.0386,0.0254
22.0,soleus,0.0,0.0,0.0219
22.0,tib_post,0.0,0.0,0.0081
23.0,iliacus,0.015,0.0,0.0
23.0,glut_max,-0.0198,0.0,0.0
23.0,glut_med,0.0235,0.0,0.0
23.0,add_long,0.0,0.0,0.0
23.0,biceps_fem_lh,-0.0366,0.0306,0.0
23.0,biceps_fem_sh,0.0,0.0325,0.0
23.0,semitend,-0.0408,0.0412,0.0
23.0,semimem,-0.038,0.0363,0.0
23.0,tib_ant,0.0,-0.017,0.017
23.0,peron_brev,0.0,-0.0113,0.0113
23.0,gastroc_med,0.0,-0.0389,0.0241
23.0,gastroc_lat,0.0,-0.0386,0.0254
23.0,soleus,0.0,0.0,0.0219
23.0,tib_post,0.0,0.0,0.0081
24.0,iliacus,0.015,0.0,0.0
24.0,glut_max,-0.0198,0.0,0.0
24.0,glut_med,0.0235,0.0,0.0
24.0,add_long,0.0,0.0,0.0
24.0,biceps_fem_lh,-0.0366,0.0306,0.0
24.0,biceps_fem_sh,0.0,0.0325,0.0
24.0,semitend,-0.0408,0.0412,0.0
24.0,semimem,-0.038,0.0363,0.0
24.0,tib_ant,0.0,-0.017,0.017
24.0,peron_brev,0.0,-0.0113,0.0113
24.0,gastroc_med,0.0,-0.0389,0.0241
24.0,gastroc_lat,0.0,-0.0386,0.0254
24.0,soleus,0.0,0.0,0.0219
24.0,tib_post,0.0,0.0,0.0081
25.0,iliacus,0.015,0.0,0.0
25.0,glut_max,-0.0198,0.0,0.0
25.0,glut_med,0.0235,0.0,0.0
25.0,add_long,0.0,0.0,0.0
25.0,biceps_fem_lh,-0.0366,0.0306,0.0
25.0,biceps_fem_sh,0.0,0.0325,0.0
25.0,semitend,-0.0408,0.0412,0.0
25.0,semimem,-0.038,0.0363,0.0
25.0,tib_ant,0.0,-0.017,0.017
25.0,peron_brev,0.0,-0.0113,0.0113
25.0,gastroc_med,0.0,-0.0389,0.0241
25.0,gastroc_lat,0.0,-0.0386,0.0254
25.0,soleus,0.0,0.0,0.0219
25.0,tib_post,0.0,0.0,0.0081
26.0,iliacus,0.015,0.0,0.0
26.0,glut_max,-0.0198,0.0,0.0
26.0,glut_med,0.0235,0.0,0.0
26.0,add_long,0.0,0.0,0.0
26.0,biceps_fem_lh,-0.0366,0.0306,0.0
26.0,biceps_fem_sh,0.0,0.0325,0.0
26.0,semitend,-0.0408,0.0412,0.0
26.0,semimem,-0.038,0.0363,0.0
26.0,tib_ant,0.0,-0.017,0.017
26.0,peron_brev,0.0,-0.0113,0.0113
26.0,gastroc_med,0.0,-0.0389,0.0241
26.0,gastroc_lat,0.0,-0.0386,0.0254
26.0,soleus,0.0,0.0,0.0219
26.0,tib_post,0.0,0.0,0.0081
27.0,iliacus,0.015,0.0,0.0
27.0,glut_max,-0.0198,0.0,0.0
27.0,glut_med,0.0235,0.0,0.0
27.0,add_long,0.0,0.0,0.0
27.0,biceps_fem_lh,-0.0366,0.0306,0.0
27.0,biceps_fem_sh,0.0,0.0325,0.0
27.0,semitend,-0.0408,0.0412,0.0
27.0,semimem,-0.038,0.0363,0.0
27.0,tib_ant,0.0,-0.017,0.017
27.0,peron_brev,0.0,-0.0113,0.0113
27.0,gastroc_med,0.0,-0.0389,0.0241
27.0,gastroc_lat,0.0,-0.0386,0.0254
27.0,soleus,0.0,0.0,0.0219
27.0,tib_post,0.0,0.0,0.0081
28.0,iliacus,0.015,0.0,0.0
28.0,glut_max,-0.0198,0.0,0.0
28.0,glut_med,0.0235,0.0,0.0
28.0,add_long,0.0,0.0,0.0
28.0,biceps_fem_lh,-0.0366,0.0306,0.0
28.0,biceps_fem_sh,0.0,0.0325,0.0
28.0,semitend,-0.0408,0.0412,0.0
28.0,semimem,-0.038,0.0363,0.0
28.0,tib_ant,0.0,-0.017,0.017
28.0,peron_brev,0.0,-0.0113,0.0113
28.0,gastroc_med,0.0,-0.0389,0.0241
28.0,gastroc_lat,0.0,-0.0386,0.0254
28.0,soleus,0.0,0.0,0.0219
28.0,tib_post,0.0,0.0,0.0081
29.0,iliacus,0.015,0.0,0.0
29.0,glut_max,-0.0198,0.0,0.0
29.0,glut_med,0.0235,0.0,0.0
29.0,add_long,0.0,0.0,0.0
29.0,biceps_fem_lh,-0.0366,0.0306,0.0
29.0,biceps_fem_sh,0.0,0.0325,0.0
29.0,semitend,-0.0408,0.0412,0.0
29.0,semimem,-0.038,0.0363,0.0
29.0,tib_ant,0.0,-0.017,0.017
29.0,peron_brev,0.0,-0.0113,0.0113
29.0,gastroc_med,0.0,-0.0389,0.0241
29.0,gastroc_lat,0.0,-0.0386,0.0254
29.0,soleus,0.0,0.0,0.0219
29.0,tib_post,0.0,0.0,0.0081
30.0,iliacus,0.015,0.0,0.0
30.0,glut_max,-0.0198,0.0,0.0
30.0,glut_med,0.0235,0.0,0.0
30.0,add_long,0.0,0.0,0.0
30.0,biceps_fem_lh,-0.0366,0.0306,0.0
30.0,biceps_fem_sh,0.0,0.0325,0.0
30.0,semitend,-0.0408,0.0412,0.0
30.0,semimem,-0.038,0.0363,0.0
30.0,tib_ant,0.0,-0.017,0.017
30.0,peron_brev,0.0,-0.0113,0.0113
30.0,gastroc_med,0.0,-0.0389,0.0241
30.0,gastroc_lat,0.0,-0.0386,0.0254
30.0,soleus,0.0,0.0,0.0219
30.0,tib_post,0.0,0.0,0.0081
31.0,iliacus,0.015,0.0,0.0
31.0,glut_max,-0.0198,0.0,0.0
31.0,glut_med,0.0235,0.0,0.0
31.0,add_long,0.0,0.0,0.0
31.0,biceps_fem_lh,-0.0366,0.0306,0.0
31.0,biceps_fem_sh,0.0,0.0325,0.0
31.0,semitend,-0.0408,0.0412,0.0
31.0,semimem,-0.038,0.0363,0.0
31.0,tib_ant,0.0,-0.017,0.017
31.0,peron_brev,0.0,-0.0113,0.0113
31.0,gastroc_med,0.0,-0.0389,0.0241
31.0,gastroc_lat,0.0,-0.0386,0.0254
31.0,soleus,0.0,0.0,0.0219
31.0,tib_post,0.0,0.0,0.0081
32.0,iliacus,0.015,0.0,0.0
32.0,glut_max,-0.0198,0.0,0.0
32.0,glut_med,0.0235,0.0,0.0
32.0,add_long,0.0,0.0,0.0
32.0,biceps_fem_lh,-0.0366,0.0306,0.0
32.0,biceps_fem_sh,0.0,0.0325,0.0
32.0,semitend,-0.0408,0.0412,0.0
32.0,semimem,-0.038,0.0363,0.0
32.0,tib_ant,0.0,-0.017,0.017
32.0,peron_brev,0.0,-0.0113,0.0113
32.0,gastroc_med,0.0,-0.0389,0.0241
32.0,gastroc_lat,0.0,-0.0386,0.0254
32.0,soleus,0.0,0.0,0.0219
32.0,tib_post,0.0,0.0,0.0081
33.0,iliacus,0.015,0.0,0.0
33.0,glut_max,-0.0198,0.0,0.0
33.0,glut_med,0.0235,0.0,0.0
33.0,add_long,0.0,0.0,0.0
33.0,biceps_fem_lh,-0.0366,0.0306,0.0
33.0,biceps_fem_sh,0.0,0.0325,0.0
33.0,semitend,-0.0408,0.0412,0.0
33.0,semimem,-0.038,0.0363,0.0
33.0,tib_ant,0.0,-0.017,0.017
33.0,peron_brev,0.0,-0.0113,0.0113
33.0,gastroc_med,0.0,-0.0389,0.0241
33.0,gastroc_lat,0.0,-0.0386,0.0254
33.0,soleus,0.0,0.0,0.0219
33.0,tib_post,0.0,0.0,0.0081
34.0,iliacus,0.015,0.0,0.0
34.0,glut_max,-0.0198,0.0,0.0
34.0,glut_med,0.0235,0.0,0.0
34.0,add_long,0.0,0.0,0.0
34.0,biceps_fem_lh,-0.0366,0.0306,0.0
34.0,biceps_fem_sh,0.0,0.0325,0.0
34.0,semitend,-0.0408,0.0412,0.0
34.0,semimem,-0.038,0.0363,0.0
34.0,tib_ant,0.0,-0.017,0.017
34.0,peron_brev,0.0,-0.0113,0.0113
34.0,gastroc_med,0.0,-0.0389,0.0241
34.0,gastroc_lat,0.0,-0.0386,0.0254
34.0,soleus,0.0,0.0,0.0219
34.0,tib_post,0.0,0.0,0.0081
35.0,iliacus,0.015,0.0,0.0
35.0,glut_max,-0.0198,0.0,0.0
35.0,glut_med,0.0235,0.0,0.0
35.0,add_long,0.0,0.0,0.0
35.0,biceps_fem_lh,-0.0366,0.0306,0.0
35.0,biceps_fem_sh,0.0,0.0325,0.0
35.0,semitend,-0.0408,0.0412,0.0
35.0,semimem,-0.038,0.0363,0.0
35.0,tib_ant,0.0,-0.017,0.017
35.0,peron_brev,0.0,-0.0113,0.0113
35.0,gastroc_med,0.0,-0.0389,0.0241
35.0,gastroc_lat,0.0,-0.0386,0.0254
35.0,soleus,0.0,0.0,0.0219
35.0,tib_post,0.0,0.0,0.0081
36.0,iliacus,0.015,0.0,0.0
36.0,glut_max,-0.0198,0.0,0.0
36.0,glut_med,0.0235,0.0,0.0
36.0,add_long,0.0,0.0,0.0
36.0,biceps_fem_lh,-0.0366,0.0306,0.0
36.0,biceps_fem_sh,0.0,0.0325,0.0
36.0,semitend,-0.0408,0.0412,0.0
36.0,semimem,-0.038,0.0363,0.0
36.0,tib_ant,0.0,-0.017,0.017
36.0,peron_brev,0.0,-0.0113,0.0113
36.0,gastroc_med,0.0,-0.0389,0.0241
36.0,gastroc_lat,0.0,-0.0386,0.0254
36.0,soleus,0.0,0.0,0.0219
36.0,tib_post,0.0,0.0,0.0081
37.0,iliacus,0.015,0.0,0.0
37.0,glut_max,-0.0198,0.0,0.0
37.0,glut_med,0.0235,0.0,0.0
37.0,add_long,0.0,0.0,0.0
37.0,biceps_fem_lh,-0.0366,0.0306,0.0
37.0,biceps_fem_sh,0.0,0.0325,0.0
37.0,semitend,-0.0408,0.0412,0.0
37.0,semimem,-0.038,0.0363,0.0
37.0,tib_ant,0.0,-0.017,0.017
37.0,peron_brev,0.0,-0.0113,0.0113
37.0,gastroc_med,0.0,-0.0389,0.0241
37.0,gastroc_lat,0.0,-0.0386,0.0254
37.0,soleus,0.0,0.0,0.0219
37.0,tib_post,0.0,0.0,0.0081
38.0,iliacus,0.015,0.0,0.0
38.0,glut_max,-0.0198,0.0,0.0
38.0,glut_med,0.0235,0.0,0.0
38.0,add_long,0.0,0.0,0.0
38.0,biceps_fem_lh,-0.0366,0.0306,0.0
38.0,biceps_fem_sh,0.0,0.0325,0.0
38.0,semitend,-0.0408,0.0412,0.0
38.0,semimem,-0.038,0.0363,0.0
38.0,tib_ant,0.0,-0.017,0.017
38.0,peron_brev,0.0,-0.0113,0.0113
38.0,gastroc_med,0.0,-0.0389,0.0241
38.0,gastroc_lat,0.0,-0.0386,0.0254
38.0,soleus,0.0,0.0,0.0219
38.0,tib_post,0.0,0.0,0.0081
39.0,iliacus,0.015,0.0,0.0
39.0,glut_max,-0.0198,0.0,0.0
39.0,glut_med,0.0235,0.0,0.0
39.0,add_long,0.0,0.0,0.0
39.0,biceps_fem_lh,-0.0366,0.0306,0.0
39.0,biceps_fem_sh,0.0,0.0325,0.0
39.0,semitend,-0.0408,0.0412,0.0
39.0,semimem,-0.038,0.0363,0.0
39.0,tib_ant,0.0,-0.017,0.017
39.0,peron_brev,0.0,-0.0113,0.0113
39.0,gastroc_med,0.0,-0.0389,0.0241
39.0,gastroc_lat,0.0,-0.0386,0.0254
39.0,soleus,0.0,0.0,0.0219
39.0,tib_post,0.0,0.0,0.0081
40.0,iliacus,0.015,0.0,0.0
40.0,glut_max,-0.0198,0.0,0.0
40.0,glut_med,0.0235,0.0,0.0
40.0,add_long,0.0,0.0,0.0
40.0,biceps_fem_lh,-0.0366,0.0306,0.0
40.0,biceps_fem_sh,0.0,0.0325,0.0
40.0,semitend,-0.0408,0.0412,0.0
40.0,semimem,-0.038,0.0363,0.0
40.0,tib_ant,0.0,-0.017,0.017
40.0,peron_brev,0.0,-0.0113,0.0113
40.0,gastroc_med,0.0,-0.0389,0.0241
40.0,gastroc_lat,0.0,-0.0386,0.0254
40.0,soleus,0.0,0.0,0.0219
40.0,tib_post,0.0,0.0,0.0081
41.0,iliacus,0.015,0.0,0.0
41.0,glut_max,-0.0198,0.0,0.0
41.0,glut_med,0.0235,0.0,0.0
41.0,add_long,0.0,0.0,0.0
41.0,biceps_fem_lh,-0.0366,0.0306,0.0
41.0,biceps_fem_sh,0.0,0.0325,0.0
41.0,semitend,-0.0408,0.0412,0.0
41.0,semimem,-0.038,0.0363,0.0
41.0,tib_ant,0.0,-0.017,0.017
41.0,peron_brev,0.0,-0.0113,0.0113
41.0,gastroc_med,0.0,-0.0389,0.0241
41.0,gastroc_lat,0.0,-0.0386,0.0254
41.0,soleus,0.0,0.0,0.0219
41.0,tib_post,0.0,0.0,0.0081
42.0,iliacus,0.015,0.0,0.0
42.0,glut_max,-0.0198,0.0,0.0
42.0,glut_med,0.0235,0.0,0.0
42.0,add_long,0.0,0.0,0.0
42.0,biceps_fem_lh,-0.0366,0.0306,0.0
42.0,biceps_fem_sh,0.0,0.0325,0.0
42.0,semitend,-0.0408,0.0412,0.0
42.0,semimem,-0.038,0.0363,0.0
42.0,tib_ant,0.0,-0.017,0.017
42.0,peron_brev,0.0,-0.0113,0.0113
42.0,gastroc_med,0.0,-0.0389,0.0241
42.0,gastroc_lat,0.0,-0.0386,0.0254
42.0,soleus,0.0,0.0,0.0219
42.0,tib_post,0.0,0.0,0.0081
43.0,iliacus,0.015,0.0,0.0
43.0,glut_max,-0.0198,0.0,0.0
43.0,glut_med,0.0235,0.0,0.0
43.0,add_long,0.0,0.0,0.0
43.0,biceps_fem_lh,-0.0366,0.0306,0.0
43.0,biceps_fem_sh,0.0,0.0325,0.0
43.0,semitend,-0.0408,0.0412,0.0
43.0,semimem,-0.038,0.0363,0.0
43.0,tib_ant,0.0,-0.017,0.017
43.0,peron_brev,0.0,-0.0113,0.0113
43.0,gastroc_med,0.0,-0.0389,0.0241
43.0,gastroc_lat,0.0,-0.0386,0.0254
43.0,soleus,0.0,0.0,0.0219
43.0,tib_post,0.0,0.0,0.0081
44.0,iliacus,0.015,0.0,0.0
44.0,glut_max,-0.0198,0.0,0.0
44.0,glut_med,0.0235,0.0,0.0
44.0,add_long,0.0,0.0,0.0
44.0,biceps_fem_lh,-0.0366,0.0306,0.0
44.0,biceps_fem_sh,0.0,0.0325,0.0
44.0,semitend,-0.0408,0.0412,0.0
44.0,semimem,-0.038,0.0363,0.0
44.0,tib_ant,0.0,-0.017,0.017
44.0,peron_brev,0.0,-0.0113,0.0113
44.0,gastroc_med,0.0,-0.0389,0.0241
44.0,gastroc_lat,0.0,-0.0386,0.0254
44.0,soleus,0.0,0.0,0.0219
44.0,tib_post,0.0,0.0,0.0081
45.0,iliacus,0.015,0.0,0.0
45.0,glut_max,-0.0198,0.0,0.0
45.0,glut_med,0.0235,0.0,0.0
45.0,add_long,0.0,0.0,0.0
45.0,biceps_fem_lh,-0.0366,0.0306,0.0
45.0,biceps_fem_sh,0.0,0.0325,0.0
45.0,semitend,-0.0408,0.0412,0.0
45.0,semimem,-0.038,0.0363,0.0
45.0,tib_ant,0.0,-0.017,0.017
45.0,peron_brev,0.0,-0.0113,0.0113
45.0,gastroc_med,0.0,-0.0389,0.0241
45.0,gastroc_lat,0.0,-0.0386,0.0254
45.0,soleus,0.0,0.0,0.0219
45.0,tib_post,0.0,0.0,0.0081
46.0,iliacus,0.015,0.0,0.0
46.0,glut_max,-0.0198,0.0,0.0
46.0,glut_med,0.0235,0.0,0.0
46.0,add_long,0.0,0.0,0.0
46.0,biceps_fem_lh,-0.0366,0.0306,0.0
46.0,biceps_fem_sh,0.0,0.0325,0.0
46.0,semitend,-0.0408,0.0412,0.0
46.0,semimem,-0.038,0.0363,0.0
46.0,tib_ant,0.0,-0.017,0.017
46.0,peron_brev,0.0,-0.0113,0.0113
46.0,gastroc_med,0.0,-0.0389,0.0241
46.0,gastroc_lat,0.0,-0.0386,0.0254
46.0,soleus,0.0,0.0,0.0219
46.0,tib_post,0.0,0.0,0.0081
47.0,iliacus,0.015,0.0,0.0
47.0,glut_max,-0.0198,0.0,0.0
47.0,glut_med,0.0235,0.0,0.0
47.0,add_long,0.0,0.0,0.0
47.0,biceps_fem_lh,-0.0366,0.0306,0.0
47.0,biceps_fem_sh,0.0,0.0325,0.0
47.0,semitend,-0.0408,0.0412,0.0
47.0,semimem,-0.038,0.0363,0.0
47.0,tib_ant,0.0,-0.017,0.017
47.0,peron_brev,0.0,-0.0113,0.0113
47.0,gastroc_med,0.0,-0.0389,0.0241
47.0,gastroc_lat,0.0,-0.0386,0.0254
47.0,soleus,0.0,0.0,0.0219
47.0,tib_post,0.0,0.0,0.0081
48.0,iliacus,0.015,0.0,0.0
48.0,glut_max,-0.0198,0.0,0.0
48.0,glut_med,0.0235,0.0,0.0
48.0,add_long,0.0,0.0,0.0
48.0,biceps_fem_lh,-0.0366,0.0306,0.0
48.0,biceps_fem_sh,0.0,0.0325,0.0
48.0,semitend,-0.0408,0.0412,0.0
48.0,semimem,-0.038,0.0363,0.0
48.0,tib_ant,0.0,-0.017,0.017
48.0,peron_brev,0.0,-0.0113,0.0113
48.0,gastroc_med,0.0,-0.0389,0.0241
48.0,gastroc_lat,0.0,-0.0386,0.0254
48.0,soleus,0.0,0.0,0.0219
48.0,tib_post,0.0,0.0,0.0081
49.0,iliacus,0.015,0.0,0.0
49.0,glut_max,-0.0198,0.0,0.0
49.0,glut_med,0.0235,0.0,0.0
49.0,add_long,0.0,0.0,0.0
49.0,biceps_fem_lh,-0.0366,0.0306,0.0
49.0,biceps_fem_sh,0.0,0.0325,0.0
49.0,semitend,-0.0408,0.0412,0.0
49.0,semimem,-0.038,0.0363,0.0
49.0,tib_ant,0.0,-0.017,0.017
49.0,peron_brev,0.0,-0.0113,0.0113
49.0,gastroc_med,0.0,-0.0389,0.0241
49.0,gastroc_lat,0.0,-0.0386,0.0254
49.0,soleus,0.0,0.0,0.0219
49.0,tib_post,0.0,0.0,0.0081
50.0,iliacus,0.015,0.0,0.0
50.0,glut_max,-0.0198,0.0,0.0
50.0,glut_med,0.0235,0.0,0.0
50.0,add_long,0.0,0.0,0.0
50.0,biceps_fem_lh,-0.0366,0.0306,0.0
50.0,biceps_fem_sh,0.0,0.0325,0.0
50.0,semitend,-0.0408,0.0412,0.0
50.0,semimem,-0.038,0.0363,0.0
50.0,tib_ant,0.0,-0.017,0.017
50.0,peron_brev,0.0,-0.0113,0.0113
50.0,gastroc_med,0.0,-0.0389,0.0241
50.0,gastroc_lat,0.0,-0.0386,0.0254
50.0,soleus,0.0,0.0,0.0219
50.0,tib_post,0.0,0.0,0.0081
51.0,iliacus,0.015,0.0,0.0
51.0,glut_max,-0.0198,0.0,0.0
51.0,glut_med,0.0235,0.0,0.0
51.0,add_long,0.0,0.0,0.0
51.0,biceps_fem_lh,-0.0366,0.0306,0.0
51.0,biceps_fem_sh,0.0,0.0325,0.0
51.0,semitend,-0.0408,0.0412,0.0
51.0,semimem,-0.038,0.0363,0.0
51.0,tib_ant,0.0,-0.017,0.017
51.0,peron_brev,0.0,-0.0113,0.0113
51.0,gastroc_med,0.0,-0.0389,0.0241
51.0,gastroc_lat,0.0,-0.0386,0.0254
51.0,soleus,0.0,0.0,0.0219
51.0,tib_post,0.0,0.0,0.0081
52.0,iliacus,0.015,0.0,0.0
52.0,glut_max,-0.0198,0.0,0.0
52.0,glut_med,0.0235,0.0,0.0
52.0,add_long,0.0,0.0,0.0
52.0,biceps_fem_lh,-0.0366,0.0306,0.0
52.0,biceps_fem_sh,0.0,0.0325,0.0
52.0,semitend,-0.0408,0.0412,0.0
52.0,semimem,-0.038,0.0363,0.0
52.0,tib_ant,0.0,-0.017,0.017
52.0,peron_brev,0.0,-0.0113,0.0113
52.0,gastroc_med,0.0,-0.0389,0.0241
52.0,gastroc_lat,0.0,-0.0386,0.0254
52.0,soleus,0.0,0.0,0.0219
52.0,tib_post,0.0,0.0,0.0081
53.0,iliacus,0.015,0.0,0.0
53.0,glut_max,-0.0198,0.0,0.0
53.0,glut_med,0.0235,0.0,0.0
53.0,add_long,0.0,0.0,0.0
53.0,biceps_fem_lh,-0.0366,0.0306,0.0
53.0,biceps_fem_sh,0.0,0.0325,0.0
53.0,semitend,-0.0408,0.0412,0.0
53.0,semimem,-0.038,0.0363,0.0
53.0,tib_ant,0.0,-0.017,0.017
53.0,peron_brev,0.0,-0.0113,0.0113
53.0,gastroc_med,0.0,-0.0389,0.0241
53.0,gastroc_lat,0.0,-0.0386,0.0254
53.0,soleus,0.0,0.0,0.0219
53.0,tib_post,0.0,0.0,0.0081
54.0,iliacus,0.015,0.0,0.0
54.0,glut_max,-0.0198,0.0,0.0
54.0,glut_med,0.0235,0.0,0.0
54.0,add_long,0.0,0.0,0.0
54.0,biceps_fem_lh,-0.0366,0.0306,0.0
54.0,biceps_fem_sh,0.0,0.0325,0.0
54.0,semitend,-0.0408,0.0412,0.0
54.0,semimem,-0.038,0.0363,0.0
54.0,tib_ant,0.0,-0.017,0.017
54.0,peron_brev,0.0,-0.0113,0.0113
54.0,gastroc_med,0.0,-0.0389,0.0241
54.0,gastroc_lat,0.0,-0.0386,0.0254
54.0,soleus,0.0,0.0,0.0219
54.0,tib_post,0.0,0.0,0.0081
55.0,iliacus,0.015,0.0,0.0
55.0,glut_max,-0.0198,0.0,0.0
55.0,glut_med,0.0235,0.0,0.0
55.0,add_long,0.0,0.0,0.0
55.0,biceps_fem_lh,-0.0366,0.0306,0.0
55.0,biceps_fem_sh,0.0,0.0325,0.0
55.0,semitend,-0.0408,0.0412,0.0
55.0,semimem,-0.038,0.0363,0.0
55.0,tib_ant,0.0,-0.017,0.017
55.0,peron_brev,0.0,-0.0113,0.0113
55.0,gastroc_med,0.0,-0.0389,0.0241
55.0,gastroc_lat,0.0,-0.0386,0.0254
55.0,soleus,0.0,0.0,0.0219
55.0,tib_post,0.0,0.0,0.0081
56.0,iliacus,0.015,0.0,0.0
56.0,glut_max,-0.0198,0.0,0.0
56.0,glut_med,0.0235,0.0,0.0
56.0,add_long,0.0,0.0,0.0
56.0,biceps_fem_lh,-0.0366,0.0306,0.0
56.0,biceps_fem_sh,0.0,0.0325,0.0
56.0,semitend,-0.0408,0.0412,0.0
56.0,semimem,-0.038,0.0363,0.0
56.0,tib_ant,0.0,-0.017,0.017
56.0,peron_brev,0.0,-0.0113,0.0113
56.0,gastroc_med,0.0,-0.0389,0.0241
56.0,gastroc_lat,0.0,-0.0386,0.0254
56.0,soleus,0.0,0.0,0.0219
56.0,tib_post,0.0,0.0,0.0081
57.0,iliacus,0.015,0.0,0.0
57.0,glut_max,-0.0198,0.0,0.0
57.0,glut_med,0.0235,0.0,0.0
57.0,add_long,0.0,0.0,0.0
57.0,biceps_fem_lh,-0.0366,0.0306,0.0
57.0,biceps_fem_sh,0.0,0.0325,0.0
57.0,semitend,-0.0408,0.0412,0.0
57.0,semimem,-0.038,0.0363,0.0
57.0,tib_ant,0.0,-0.017,0.017
57.0,peron_brev,0.0,-0.0113,0.0113
57.0,gastroc_med,0.0,-0.0389,0.0241
57.0,gastroc_lat,0.0,-0.0386,0.0254
57.0,soleus,0.0,0.0,0.0219
57.0,tib_post,0.0,0.0,0.0081
58.0,iliacus,0.015,0.0,0.0
58.0,glut_max,-0.0198,0.0,0.0
58.0,glut_med,0.0235,0.0,0.0
58.0,add_long,0.0,0.0,0.0
58.0,biceps_fem_lh,-0.0366,0.0306,0.0
58.0,biceps_fem_sh,0.0,0.0325,0.0
58.0,semitend,-0.0408,0.0412,0.0
58.0,semimem,-0.038,0.0363,0.0
58.0,tib_ant,0.0,-0.017,0.017
58.0,peron_brev,0.0,-0.0113,0.0113
58.0,gastroc_med,0.0,-0.0389,0.0241
58.0,gastroc_lat,0.0,-0.0386,0.0254
58.0,soleus,0.0,0.0,0.0219
58.0,tib_post,0.0,0.0,0.0081
59.0,iliacus,0.015,0.0,0.0
59.0,glut_max,-0.0198,0.0,0.0
59.0,glut_med,0.0235,0.0,0.0
59.0,add_long,0.0,0.0,0.0
59.0,biceps_fem_lh,-0.0366,0.0306,0.0
59.0,biceps_fem_sh,0.0,0.0325,0.0
59.0,semitend,-0.0408,0.0412,0.0
59.0,semimem,-0.038,0.0363,0.0
59.0,tib_ant,0.0,-0.017,0.017
59.0,peron_brev,0.0,-0.0113,0.0113
59.0,gastroc_med,0.0,-0.0389,0.0241
59.0,gastroc_lat,0.0,-0.0386,0.0254
59.0,soleus,0.0,0.0,0.0219
59.0,tib_post,0.0,0.0,0.0081
60.0,iliacus,0.015,0.0,0.0
60.0,glut_max,-0.0198,0.0,0.0
60.0,glut_med,0.0235,0.0,0.0
60.0,add_long,0.0,0.0,0.0
60.0,biceps_fem_lh,-0.0366,0.0306,0.0
60.0,biceps_fem_sh,0.0,0.0325,0.0
60.0,semitend,-0.0408,0.0412,0.0
60.0,semimem,-0.038,0.0363,0.0
60.0,tib_ant,0.0,-0.017,0.017
60.0,peron_brev,0.0,-0.0113,0.0113
60.0,gastroc_med,0.0,-0.0389,0.0241
60.0,gastroc_lat,0.0,-0.0386,0.0254
60.0,soleus,0.0,0.0,0.0219
60.0,tib_post,0.0,0.0,0.0081
61.0,iliacus,0.015,0.0,0.0
61.0,glut_max,-0.0198,0.0,0.0
61.0,glut_med,0.0235,0.0,0.0
61.0,add_long,0.0,0.0,0.0
61.0,biceps_fem_lh,-0.0366,0.0306,0.0
61.0,biceps_fem_sh,0.0,0.0325,0.0
61.0,semitend,-0.0408,0.0412,0.0
61.0,semimem,-0.038,0.0363,0.0
61.0,tib_ant,0.0,-0.017,0.017
61.0,peron_brev,0.0,-0.0113,0.0113
61.0,gastroc_med,0.0,-0.0389,0.0241
61.0,gastroc_lat,0.0,-0.0386,0.0254
61.0,soleus,0.0,0.0,0.0219
61.0,tib_post,0.0,0.0,0.0081
62.0,iliacus,0.015,0.0,0.0
62.0,glut_max,-0.0198,0.0,0.0
62.0,glut_med,0.0235,0.0,0.0
62.0,add_long,0.0,0.0,0.0
62.0,biceps_fem_lh,-0.0366,0.0306,0.0
62.0,biceps_fem_sh,0.0,0.0325,0.0
62.0,semitend,-0.0408,0.0412,0.0
62.0,semimem,-0.038,0.0363,0.0
62.0,tib_ant,0.0,-0.017,0.017
62.0,peron_brev,0.0,-0.0113,0.0113
62.0,gastroc_med,0.0,-0.0389,0.0241
62.0,gastroc_lat,0.0,-0.0386,0.0254
62.0,soleus,0.0,0.0,0.0219
62.0,tib_post,0.0,0.0,0.0081
63.0,iliacus,0.015,0.0,0.0
63.0,glut_max,-0.0198,0.0,0.0
63.0,glut_med,0.0235,0.0,0.0
63.0,add_long,0.0,0.0,0.0
63.0,biceps_fem_lh,-0.0366,0.0306,0.0
63.0,biceps_fem_sh,0.0,0.0325,0.0
63.0,semitend,-0.0408,0.0412,0.0
63.0,semimem,-0.038,0.0363,0.0
63.0,tib_ant,0.0,-0.017,0.017
63.0,peron_brev,0.0,-0.0113,0.0113
63.0,gastroc_med,0.0,-0.0389,0.0241
63.0,gastroc_lat,0.0,-0.0386,0.0254
63.0,soleus,0.0,0.0,0.0219
63.0,tib_post,0.0,0.0,0.0081
64.0,iliacus,0.015,0.0,0.0
64.0,glut_max,-0.0198,0.0,0.0
64.0,glut_med,0.0235,0.0,0.0
64.0,add_long,0.0,0.0,0.0
64.0,biceps_fem_lh,-0.0366,0.0306,0.0
64.0,biceps_fem_sh,0.0,0.0325,0.0
64.0,semitend,-0.0408,0.0412,0.0
64.0,semimem,-0.038,0.0363,0.0
64.0,tib_ant,0.0,-0.017,0.017
64.0,peron_brev,0.0,-0.0113,0.0113
64.0,gastroc_med,0.0,-0.0389,0.0241
64.0,gastroc_lat,0.0,-0.0386,0.0254
64.0,soleus,0.0,0.0,0.0219
64.0,tib_post,0.0,0.0,0.0081
65.0,iliacus,0.015,0.0,0.0
65.0,glut_max,-0.0198,0.0,0.0
65.0,glut_med,0.0235,0.0,0.0
65.0,add_long,0.0,0.0,0.0
65.0,biceps_fem_lh,-0.0366,0.0306,0.0
65.0,biceps_fem_sh,0.0,0.0325,0.0
65.0,semitend,-0.0408,0.0412,0.0
65.0,semimem,-0.038,0.0363,0.0
65.0,tib_ant,0.0,-0.017,0.017
65.0,peron_brev,0.0,-0.0113,0.0113
65.0,gastroc_med,0.0,-0.0389,0.0241
65.0,gastroc_lat,0.0,-0.0386,0.0254
65.0,soleus,0.0,0.0,0.0219
65.0,tib_post,0.0,0.0,0.0081
66.0,iliacus,0.015,0.0,0.0
66.0,glut_max,-0.0198,0.0,0.0
66.0,glut_med,0.0235,0.0,0.0
66.0,add_long,0.0,0.0,0.0
66.0,biceps_fem_lh,-0.0366,0.0306,0.0
66.0,biceps_fem_sh,0.0,0.0325,0.0
66.0,semitend,-0.0408,0.0412,0.0
66.0,semimem,-0.038,0.0363,0.0
66.0,tib_ant,0.0,-0.017,0.017
66.0,peron_brev,0.0,-0.0113,0.0113
66.0,gastroc_med,0.0,-0.0389,0.0241
66.0,gastroc_lat,0.0,-0.0386,0.0254
66.0,soleus,0.0,0.0,0.0219
66.0,tib_post,0.0,0.0,0.0081
67.0,iliacus,0.015,0.0,0.0
67.0,glut_max,-0.0198,0.0,0.0
67.0,glut_med,0.0235,0.0,0.0
67.0,add_long,0.0,0.0,0.0
67.0,biceps_fem_lh,-0.0366,0.0306,0.0
67.0,biceps_fem_sh,0.0,0.0325,0.0
67.0,semitend,-0.0408,0.0412,0.0
67.0,semimem,-0.038,0.0363,0.0
67.0,tib_ant,0.0,-0.017,0.017
67.0,peron_brev,0.0,-0.0113,0.0113
67.0,gastroc_med,0.0,-0.0389,0.0241
67.0,gastroc_lat,0.0,-0.0386,0.0254
67.0,soleus,0.0,0.0,0.0219
67.0,tib_post,0.0,0.0,0.0081
68.0,iliacus,0.015,0.0,0.0
68.0,glut_max,-0.0198,0.0,0.0
68.0,glut_med,0.0235,0.0,0.0
68.0,add_long,0.0,0.0,0.0
68.0,biceps_fem_lh,-0.0366,0.0306,0.0
68.0,biceps_fem_sh,0.0,0.0325,0.0
68.0,semitend,-0.0408,0.0412,0.0
68.0,semimem,-0.038,0.0363,0.0
68.0,tib_ant,0.0,-0.017,0.017
68.0,peron_brev,0.0,-0.0113,0.0113
68.0,gastroc_med,0.0,-0.0389,0.0241
68.0,gastroc_lat,0.0,-0.0386,0.0254
68.0,soleus,0.0,0.0,0.0219
68.0,tib_post,0.0,0.0,0.0081
69.0,iliacus,0.015,0.0,0.0
69.0,glut_max,-0.0198,0.0,0.0
69.0,glut_med,0.0235,0.0,0.0
69.0,add_long,0.0,0.0,0.0
69.0,biceps_fem_lh,-0.0366,0.0306,0.0
69.0,biceps_fem_sh,0.0,0.0325,0.0
69.0,semitend,-0.0408,0.0412,0.0
69.0,semimem,-0.038,0.0363,0.0
69.0,tib_ant,0.0,-0.017,0.017
69.0,peron_brev,0.0,-0.0113,0.0113
69.0,gastroc_med,0.0,-0.0389,0.0241
69.0,gastroc_lat,0.0,-0.0386,0.0254
69.0,soleus,0.0,0.0,0.0219
69.0,tib_post,0.0,0.0,0.0081
70.0,iliacus,0.015,0.0,0.0
70.0,glut_max,-0.0198,0.0,0.0
70.0,glut_med,0.0235,0.0,0.0
70.0,add_long,0.0,0.0,0.0
70.0,biceps_fem_lh,-0.0366,0.0306,0.0
70.0,biceps_fem_sh,0.0,0.0325,0.0
70.0,semitend,-0.0408,0.0412,0.0
70.0,semimem,-0.038,0.0363,0.0
70.0,tib_ant,0.0,-0.017,0.017
70.0,peron_brev,0.0,-0.0113,0.0113
70.0,gastroc_med,0.0,-0.0389,0.0241
70.0,gastroc_lat,0.0,-0.0386,0.0254
70.0,soleus,0.0,0.0,0.0219
70.0,tib_post,0.0,0.0,0.0081
71.0,iliacus,0.015,0.0,0.0
71.0,glut_max,-0.0198,0.0,0.0
71.0,glut_med,0.0235,0.0,0.0
71.0,add_long,0.0,0.0,0.0
71.0,biceps_fem_lh,-0.0366,0.0306,0.0
71.0,biceps_fem_sh,0.0,0.0325,0.0
71.0,semitend,-0.0408,0.0412,0.0
71.0,semimem,-0.038,0.0363,0.0
71.0,tib_ant,0.0,-0.017,0.017
71.0,peron_brev,0.0,-0.0113,0.0113
71.0,gastroc_med,0.0,-0.0389,0.0241
71.0,gastroc_lat,0.0,-0.0386,0.0254
71.0,soleus,0.0,0.0,0.0219
71.0,tib_post,0.0,0.0,0.0081
72.0,iliacus,0.015,0.0,0.0
72.0,glut_max,-0.0198,0.0,0.0
72.0,glut_med,0.0235,0.0,0.0
72.0,add_long,0.0,0.0,0.0
72.0,biceps_fem_lh,-0.0366,0.0306,0.0
72.0,biceps_fem_sh,0.0,0.0325,0.0
72.0,semitend,-0.0408,0.0412,0.0
72.0,semimem,-0.038,0.0363,0.0
72.0,tib_ant,0.0,-0.017,0.017
72.0,peron_brev,0.0,-0.0113,0.0113
72.0,gastroc_med,0.0,-0.0389,0.0241
72.0,gastroc_lat,0.0,-0.0386,0.0254
72.0,soleus,0.0,0.0,0.0219
72.0,tib_post,0.0,0.0,0.0081
73.0,iliacus,0.015,0.0,0.0
73.0,glut_max,-0.0198,0.0,0.0
73.0,glut_med,0.0235,0.0,0.0
73.0,add_long,0.0,0.0,0.0
73.0,biceps_fem_lh,-0.0366,0.0306,0.0
73.0,biceps_fem_sh,0.0,0.0325,0.0
73.0,semitend,-0.0408,0.0412,0.0
73.0,semimem,-0.038,0.0363,0.0
73.0,tib_ant,0.0,-0.017,0.017
73.0,peron_brev,0.0,-0.0113,0.0113
73.0,gastroc_med,0.0,-0.0389,0.0241
73.0,gastroc_lat,0.0,-0.0386,0.0254
73.0,soleus,0.0,0.0,0.0219
73.0,tib_post,0.0,0.0,0.0081
74.0,iliacus,0.015,0.0,0.0
74.0,glut_max,-0.0198,0.0,0.0
74.0,glut_med,0.0235,0.0,0.0
74.0,add_long,0.0,0.0,0.0
74.0,biceps_fem_lh,-0.0366,0.0306,0.0
74.0,biceps_fem_sh,0.0,0.0325,0.0
74.0,semitend,-0.0408,0.0412,0.0
74.0,semimem,-0.038,0.0363,0.0
74.0,tib_ant,0.0,-0.017,0.017
74.0,peron_brev,0.0,-0.0113,0.0113
74.0,gastroc_med,0.0,-0.0389,0.0241
74.0,gastroc_lat,0.0,-0.0386,0.0254
74.0,soleus,0.0,0.0,0.0219
74.0,tib_post,0.0,0.0,0.0081
75.0,iliacus,0.015,0.0,0.0
75.0,glut_max,-0.0198,0.0,0.0
75.0,glut_med,0.0235,0.0,0.0
75.0,add_long,0.0,0.0,0.0
75.0,biceps_fem_lh,-0.0366,0.0306,0.0
75.0,biceps_fem_sh,0.0,0.0325,0.0
75.0,semitend,-0.0408,0.0412,0.0
75.0,semimem,-0.038,0.0363,0.0
75.0,tib_ant,0.0,-0.017,0.017
75.0,peron_brev,0.0,-0.0113,0.0113
75.0,gastroc_med,0.0,-0.0389,0.0241
75.0,gastroc_lat,0.0,-0.0386,0.0254
75.0,soleus,0.0,0.0,0.0219
75.0,tib_post,0.0,0.0,0.0081
76.0,iliacus,0.015,0.0,0.0
76.0,glut_max,-0.0198,0.0,0.0
76.0,glut_med,0.0235,0.0,0.0
76.0,add_long,0.0,0.0,0.0
76.0,biceps_fem_lh,-0.0366,0.0306,0.0
76.0,biceps_fem_sh,0.0,0.0325,0.0
76.0,semitend,-0.0408,0.0412,0.0
76.0,semimem,-0.038,0.0363,0.0
76.0,tib_ant,0.0,-0.017,0.017
76.0,peron_brev,0.0,-0.0113,0.0113
76.0,gastroc_med,0.0,-0.0389,0.0241
76.0,gastroc_lat,0.0,-0.0386,0.0254
76.0,soleus,0.0,0.0,0.0219
76.0,tib_post,0.0,0.0,0.0081
77.0,iliacus,0.015,0.0,0.0
77.0,glut_max,-0.0198,0.0,0.0
77.0,glut_med,0.0235,0.0,0.0
77.0,add_long,0.0,0.0,0.0
77.0,biceps_fem_lh,-0.0366,0.0306,0.0
77.0,biceps_fem_sh,0.0,0.0325,0.0
77.0,semitend,-0.0408,0.0412,0.0
77.0,semimem,-0.038,0.0363,0.0
77.0,tib_ant,0.0,-0.017,0.017
77.0,peron_brev,0.0,-0.0113,0.0113
77.0,gastroc_med,0.0,-0.0389,0.0241
77.0,gastroc_lat,0.0,-0.0386,0.0254
77.0,soleus,0.0,0.0,0.0219
77.0,tib_post,0.0,0.0,0.0081
78.0,iliacus,0.015,0.0,0.0
78.0,glut_max,-0.0198,0.0,0.0
78.0,glut_med,0.0235,0.0,0.0
78.0,add_long,0.0,0.0,0.0
78.0,biceps_fem_lh,-0.0366,0.0306,0.0
78.0,biceps_fem_sh,0.0,0.0325,0.0
78.0,semitend,-0.0408,0.0412,0.0
78.0,semimem,-0.038,0.0363,0.0
78.0,tib_ant,0.0,-0.017,0.017
78.0,peron_brev,0.0,-0.0113,0.0113
78.0,gastroc_med,0.0,-0.0389,0.0241
78.0,gastroc_lat,0.0,-0.0386,0.0254
78.0,soleus,0.0,0.0,0.0219
78.0,tib_post,0.0,0.0,0.0081
79.0,iliacus,0.015,0.0,0.0
79.0,glut_max,-0.0198,0.0,0.0
79.0,glut_med,0.0235,0.0,0.0
79.0,add_long,0.0,0.0,0.0
79.0,biceps_fem_lh,-0.0366,0.0306,0.0
79.0,biceps_fem_sh,0.0,0.0325,0.0
79.0,semitend,-0.0408,0.0412,0.0
79.0,semimem,-0.038,0.0363,0.0
79.0,tib_ant,0.0,-0.017,0.017
79.0,peron_brev,0.0,-0.0113,0.0113
79.0,gastroc_med,0.0,-0.0389,0.0241
79.0,gastroc_lat,0.0,-0.0386,0.0254
79.0,soleus,0.0,0.0,0.0219
79.0,tib_post,0.0,0.0,0.0081
80.0,iliacus,0.015,0.0,0.0
80.0,glut_max,-0.0198,0.0,0.0
80.0,glut_med,0.0235,0.0,0.0
80.0,add_long,0.0,0.0,0.0
80.0,biceps_fem_lh,-0.0366,0.0306,0.0
80.0,biceps_fem_sh,0.0,0.0325,0.0
80.0,semitend,-0.0408,0.0412,0.0
80.0,semimem,-0.038,0.0363,0.0
80.0,tib_ant,0.0,-0.017,0.017
80.0,peron_brev,0.0,-0.0113,0.0113
80.0,gastroc_med,0.0,-0.0389,0.0241
80.0,gastroc_lat,0.0,-0.0386,0.0254
80.0,soleus,0.0,0.0,0.0219
80.0,tib_post,0.0,0.0,0.0081
81.0,iliacus,0.015,0.0,0.0
81.0,glut_max,-0.0198,0.0,0.0
81.0,glut_med,0.0235,0.0,0.0
81.0,add_long,0.0,0.0,0.0
81.0,biceps_fem_lh,-0.0366,0.0306,0.0
81.0,biceps_fem_sh,0.0,0.0325,0.0
81.0,semitend,-0.0408,0.0412,0.0
81.0,semimem,-0.038,0.0363,0.0
81.0,tib_ant,0.0,-0.017,0.017
81.0,peron_brev,0.0,-0.0113,0.0113
81.0,gastroc_med,0.0,-0.0389,0.0241
81.0,gastroc_lat,0.0,-0.0386,0.0254
81.0,soleus,0.0,0.0,0.0219
81.0,tib_post,0.0,0.0,0.0081
82.0,iliacus,0.015,0.0,0.0
82.0,glut_max,-0.0198,0.0,0.0
82.0,glut_med,0.0235,0.0,0.0
82.0,add_long,0.0,0.0,0.0
82.0,biceps_fem_lh,-0.0366,0.0306,0.0
82.0,biceps_fem_sh,0.0,0.0325,0.0
82.0,semitend,-0.0408,0.0412,0.0
82.0,semimem,-0.038,0.0363,0.0
82.0,tib_ant,0.0,-0.017,0.017
82.0,peron_brev,0.0,-0.0113,0.0113
82.0,gastroc_med,0.0,-0.0389,0.0241
82.0,gastroc_lat,0.0,-0.0386,0.0254
82.0,soleus,0.0,0.0,0.0219
82.0,tib_post,0.0,0.0,0.0081
83.0,iliacus,0.015,0.0,0.0
83.0,glut_max,-0.0198,0.0,0.0
83.0,glut_med,0.0235,0.0,0.0
83.0,add_long,0.0,0.0,0.0
83.0,biceps_fem_lh,-0.0366,0.0306,0.0
83.0,biceps_fem_sh,0.0,0.0325,0.0
83.0,semitend,-0.0408,0.0412,0.0
83.0,semimem,-0.038,0.0363,0.0
83.0,tib_ant,0.0,-0.017,0.017
83.0,peron_brev,0.0,-0.0113,0.0113
83.0,gastroc_med,0.0,-0.0389,0.0241
83.0,gastroc_lat,0.0,-0.0386,0.0254
83.0,soleus,0.0,0.0,0.0219
83.0,tib_post,0.0,0.0,0.0081
84.0,iliacus,0.015,0.0,0.0
84.0,glut_max,-0.0198,0.0,0.0
84.0,glut_med,0.0235,0.0,0.0
84.0,add_long,0.0,0.0,0.0
84.0,biceps_fem_lh,-0.0366,0.0306,0.0
84.0,biceps_fem_sh,0.0,0.0325,0.0
84.0,semitend,-0.0408,0.0412,0.0
84.0,semimem,-0.038,0.0363,0.0
84.0,tib_ant,0.0,-0.017,0.017
84.0,peron_brev,0.0,-0.0113,0.0113
84.0,gastroc_med,0.0,-0.0389,0.0241
84.0,gastroc_lat,0.0,-0.0386,0.0254
84.0,soleus,0.0,0.0,0.0219
84.0,tib_post,0.0,0.0,0.0081
85.0,iliacus,0.015,0.0,0.0
85.0,glut_max,-0.0198,0.0,0.0
85.0,glut_med,0.0235,0.0,0.0
85.0,add_long,0.0,0.0,0.0
85.0,biceps_fem_lh,-0.0366,0.0306,0.0
85.0,biceps_fem_sh,0.0,0.0325,0.0
85.0,semitend,-0.0408,0.0412,0.0
85.0,semimem,-0.038,0.0363,0.0
85.0,tib_ant,0.0,-0.017,0.017
85.0,peron_brev,0.0,-0.0113,0.0113
85.0,gastroc_med,0.0,-0.0389,0.0241
85.0,gastroc_lat,0.0,-0.0386,0.0254
85.0,soleus,0.0,0.0,0.0219
85.0,tib_post,0.0,0.0,0.0081
86.0,iliacus,0.015,0.0,0.0
86.0,glut_max,-0.0198,0.0,0.0
86.0,glut_med,0.0235,0.0,0.0
86.0,add_long,0.0,0.0,0.0
86.0,biceps_fem_lh,-0.0366,0.0306,0.0
86.0,biceps_fem_sh,0.0,0.0325,0.0
86.0,semitend,-0.0408,0.0412,0.0
86.0,semimem,-0.038,0.0363,0.0
86.0,tib_ant,0.0,-0.017,0.017
86.0,peron_brev,0.0,-0.0113,0.0113
86.0,gastroc_med,0.0,-0.0389,0.0241
86.0,gastroc_lat,0.0,-0.0386,0.0254
86.0,soleus,0.0,0.0,0.0219
86.0,tib_post,0.0,0.0,0.0081
87.0,iliacus,0.015,0.0,0.0
87.0,glut_max,-0.0198,0.0,0.0
87.0,glut_med,0.0235,0.0,0.0
87.0,add_long,0.0,0.0,0.0
87.0,biceps_fem_lh,-0.0366,0.0306,0.0
87.0,biceps_fem_sh,0.0,0.0325,0.0
87.0,semitend,-0.0408,0.0412,0.0
87.0,semimem,-0.038,0.0363,0.0
87.0,tib_ant,0.0,-0.017,0.017
87.0,peron_brev,0.0,-0.0113,0.0113
87.0,gastroc_med,0.0,-0.0389,0.0241
87.0,gastroc_lat,0.0,-0.0386,0.0254
87.0,soleus,0.0,0.0,0.0219
87.0,tib_post,0.0,0.0,0.0081
88.0,iliacus,0.015,0.0,0.0
88.0,glut_max,-0.0198,0.0,0.0
88.0,glut_med,0.0235,0.0,0.0
88.0,add_long,0.0,0.0,0.0
88.0,biceps_fem_lh,-0.0366,0.0306,0.0
88.0,biceps_fem_sh,0.0,0.0325,0.0
88.0,semitend,-0.0408,0.0412,0.0
88.0,semimem,-0.038,0.0363,0.0
88.0,tib_ant,0.0,-0.017,0.017
88.0,peron_brev,0.0,-0.0113,0.0113
88.0,gastroc_med,0.0,-0.0389,0.0241
88.0,gastroc_lat,0.0,-0.0386,0.0254
88.0,soleus,0.0,0.0,0.0219
88.0,tib_post,0.0,0.0,0.0081
89.0,iliacus,0.015,0.0,0.0
89.0,glut_max,-0.0198,0.0,0.0
89.0,glut_med,0.0235,0.0,0.0
89.0,add_long,0.0,0.0,0.0
89.0,biceps_fem_lh,-0.0366,0.0306,0.0
89.0,biceps_fem_sh,0.0,0.0325,0.0
89.0,semitend,-0.0408,0.0412,0.0
89.0,semimem,-0.038,0.0363,0.0
89.0,tib_ant,0.0,-0.017,0.017
89.0,peron_brev,0.0,-0.0113,0.0113
89.0,gastroc_med,0.0,-0.0389,0.0241
89.0,gastroc_lat,0.0,-0.0386,0.0254
89.0,soleus,0.0,0.0,0.0219
89.0,tib_post,0.0,0.0,0.0081
90.0,iliacus,0.015,0.0,0.0
90.0,glut_max,-0.0198,0.0,0.0
90.0,glut_med,0.0235,0.0,0.0
90.0,add_long,0.0,0.0,0.0
90.0,biceps_fem_lh,-0.0366,0.0306,0.0
90.0,biceps_fem_sh,0.0,0.0325,0.0
90.0,semitend,-0.0408,0.0412,0.0
90.0,semimem,-0.038,0.0363,0.0
90.0,tib_ant,0.0,-0.017,0.017
90.0,peron_brev,0.0,-0.0113,0.0113
90.0,gastroc_med,0.0,-0.0389,0.0241
90.0,gastroc_lat,0.0,-0.0386,0.0254
90.0,soleus,0.0,0.0,0.0219
90.0,tib_post,0.0,0.0,0.0081
91.0,iliacus,0.015,0.0,0.0
91.0,glut_max,-0.0198,0.0,0.0
91.0,glut_med,0.0235,0.0,0.0
91.0,add_long,0.0,0.0,0.0
91.0,biceps_fem_lh,-0.0366,0.0306,0.0
91.0,biceps_fem_sh,0.0,0.0325,0.0
91.0,semitend,-0.0408,0.0412,0.0
91.0,semimem,-0.038,0.0363,0.0
91.0,tib_ant,0.0,-0.017,0.017
91.0,peron_brev,0.0,-0.0113,0.0113
91.0,gastroc_med,0.0,-0.0389,0.0241
91.0,gastroc_lat,0.0,-0.0386,0.0254
91.0,soleus,0.0,0.0,0.0219
91.0,tib_post,0.0,0.0,0.0081
92.0,iliacus,0.015,0.0,0.0
92.0,glut_max,-0.0198,0.0,0.0
92.0,glut_med,0.0235,0.0,0.0
92.0,add_long,0.0,0.0,0.0
92.0,biceps_fem_lh,-0.0366,0.0306,0.0
92.0,biceps_fem_sh,0.0,0.0325,0.0
92.0,semitend,-0.0408,0.0412,0.0
92.0,semimem,-0.038,0.0363,0.0
92.0,tib_ant,0.0,-0.017,0.017
92.0,peron_brev,0.0,-0.0113,0.0113
92.0,gastroc_med,0.0,-0.0389,0.0241
92.0,gastroc_lat,0.0,-0.0386,0.0254
92.0,soleus,0.0,0.0,0.0219
92.0,tib_post,0.0,0.0,0.0081
93.0,iliacus,0.015,0.0,0.0
93.0,glut_max,-0.0198,0.0,0.0
93.0,glut_med,0.0235,0.0,0.0
93.0,add_long,0.0,0.0,0.0
93.0,biceps_fem_lh,-0.0366,0.0306,0.0
93.0,biceps_fem_sh,0.0,0.0325,0.0
93.0,semitend,-0.0408,0.0412,0.0
93.0,semimem,-0.038,0.0363,0.0
93.0,tib_ant,0.0,-0.017,0.017
93.0,peron_brev,0.0,-0.0113,0.0113
93.0,gastroc_med,0.0,-0.0389,0.0241
93.0,gastroc_lat,0.0,-0.0386,0.0254
93.0,soleus,0.0,0.0,0.0219
93.0,tib_post,0.0,0.0,0.0081
94.0,iliacus,0.015,0.0,0.0
94.0,glut_max,-0.0198,0.0,0.0
94.0,glut_med,0.0235,0.0,0.0
94.0,add_long,0.0,0.0,0.0
94.0,biceps_fem_lh,-0.0366,0.0306,0.0
94.0,biceps_fem_sh,0.0,0.0325,0.0
94.0,semitend,-0.0408,0.0412,0.0
94.0,semimem,-0.038,0.0363,0.0
94.0,tib_ant,0.0,-0.017,0.017
94.0,peron_brev,0.0,-0.0113,0.0113
94.0,gastroc_med,0.0,-0.0389,0.0241
94.0,gastroc_lat,0.0,-0.0386,0.0254
94.0,soleus,0.0,0.0,0.0219
94.0,tib_post,0.0,0.0,0.0081
95.0,iliacus,0.015,0.0,0.0
95.0,glut_max,-0.0198,0.0,0.0
95.0,glut_med,0.0235,0.0,0.0
95.0,add_long,0.0,0.0,0.0
95.0,biceps_fem_lh,-0.0366,0.0306,0.0
95.0,biceps_fem_sh,0.0,0.0325,0.0
95.0,semitend,-0.0408,0.0412,0.0
95.0,semimem,-0.038,0.0363,0.0
95.0,tib_ant,0.0,-0.017,0.017
95.0,peron_brev,0.0,-0.0113,0.0113
95.0,gastroc_med,0.0,-0.0389,0.0241
95.0,gastroc_lat,0.0,-0.0386,0.0254
95.0,soleus,0.0,0.0,0.0219
95.0,tib_post,0.0,0.0,0.0081
96.0,iliacus,0.015,0.0,0.0
96.0,glut_max,-0.0198,0.0,0.0
96.0,glut_med,0.0235,0.0,0.0
96.0,add_long,0.0,0.0,0.0
96.0,biceps_fem_lh,-0.0366,0.0306,0.0
96.0,biceps_fem_sh,0.0,0.0325,0.0
96.0,semitend,-0.0408,0.0412,0.0
96.0,semimem,-0.038,0.0363,0.0
96.0,tib_ant,0.0,-0.017,0.017
96.0,peron_brev,0.0,-0.0113,0.0113
96.0,gastroc_med,0.0,-0.0389,0.0241
96.0,gastroc_lat,0.0,-0.0386,0.0254
96.0,soleus,0.0,0.0,0.0219
96.0,tib_post,0.0,0.0,0.0081
97.0,iliacus,0.015,0.0,0.0
97.0,glut_max,-0.0198,0.0,0.0
97.0,glut_med,0.0235,0.0,0.0
97.0,add_long,0.0,0.0,0.0
97.0,biceps_fem_lh,-0.0366,0.0306,0.0
97.0,biceps_fem_sh,0.0,0.0325,0.0
97.0,semitend,-0.0408,0.0412,0.0
97.0,semimem,-0.038,0.0363,0.0
97.0,tib_ant,0.0,-0.017,0.017
97.0,peron_brev,0.0,-0.0113,0.0113
97.0,gastroc_med,0.0,-0.0389,0.0241
97.0,gastroc_lat,0.0,-0.0386,0.0254
97.0,soleus,0.0,0.0,0.0219
97.0,tib_post,0.0,0.0,0.0081
98.0,iliacus,0.015,0.0,0.0
98.0,glut_max,-0.0198,0.0,0.0
98.0,glut_med,0.0235,0.0,0.0
98.0,add_long,0.0,0.0,0.0
98.0,biceps_fem_lh,-0.0366,0.0306,0.0
98.0,biceps_fem_sh,0.0,0.0325,0.0
98.0,semitend,-0.0408,0.0412,0.0
98.0,semimem,-0.038,0.0363,0.0
98.0,tib_ant,0.0,-0.017,0.017
98.0,peron_brev,0.0,-0.0113,0.0113
98.0,gastroc_med,0.0,-0.0389,0.0241
98.0,gastroc_lat,0.0,-0.0386,0.0254
98.0,soleus,0.0,0.0,0.0219
98.0,tib_post,0.0,0.0,0.0081
99.0,iliacus,0.015,0.0,0.0
99.0,glut_max,-0.0198,0.0,0.0
99.0,glut_med,0.0235,0.0,0.0
99.0,add_long,0.0,0.0,0.0
99.0,biceps_fem_lh,-0.0366,0.0306,0.0
99.0,biceps_fem_sh,0.0,0.0325,0.0
99.0,semitend,-0.0408,0.0412,0.0
99.0,semimem,-0.038,0.0363,0.0
99.0,tib_ant,0.0,-0.017,0.017
99.0,peron_brev,0.0,-0.0113,0.0113
99.0,gastroc_med,0.0,-0.0389,0.0241
99.0,gastroc_lat,0.0,-0.0386,0.0254
99.0,soleus,0.0,0.0,0.0219
99.0,tib_post,0.0,0.0,0.0081
100.0,iliacus,0.015,0.0,0.0
100.0,glut_max,-0.0198,0.0,0.0
100.0,glut_med,0.0235,0.0,0.0
100.0,add_long,0.0,0.0,0.0
100.0,biceps_fem_lh,-0.0366,0.0306,0.0
100.0,biceps_fem_sh,0.0,0.0325,0.0
100.0,semitend,-0.0408,0.0412,0.0
100.0,semimem,-0.038,0.0363,0.0
100.0,tib_ant,0.0,-0.017,0.017
100.0,peron_brev,0.0,-0.0113,0.0113
100.0,gastroc_med,0.0,-0.0389,0.0241
100.0,gastroc_lat,0.0,-0.0386,0.0254
100.0,soleus,0.0,0.0,0.0219
100.0,tib_post,0.0,0.0,0.0081
